id_candidat,id_offre,score_global,score_bi_encoder,score_cross_encoder,score_sbert,score_tfidf,titre,entreprise,lieu,contrat,salaire
0,5160978955,0.8463946479227711,0.48798215974257036,1.0,0.0,0.0,Correspondant économique famille environnement de travail et collaborateur F/H,,", ",,
0,5129728201,0.8417809920582547,0.6677244560829054,0.9163766503334045,0.0,0.0,Analyste d'exploitation F/H,,", ",,
0,4911354,0.7761970767237216,0.42283298865208047,0.927638828754425,0.0,0.0,Ingénieur en Systèmes Embarqués (H/F),,", ",CDI,
0,6006626,0.7045530801387915,0.41379823465224386,0.8291622996330261,0.0,0.0,Ingénieur développement logiciel H/F,,", ",CDI,
0,190XRWD,0.6820436422326447,0.48574652416781633,0.7661709785461426,0.0,0.0,Technicien informatique H/F - CDI - Saint Herblain (44) (H/F),,", ",CDI,
0,189PHMT,0.5899354926502438,0.42433412596773146,0.660907506942749,0.0,0.0,Apprentissage Administrateur Systèmes et Réseaux (H/F),,", ",CDD,
0,4914422,0.5860164609902576,0.415326604364142,0.6591692566871643,0.0,0.0,Ingénieur Réseau / Sécurité Confirmé (H/F),,", ",CDI,
0,5646372,0.5722049839105312,0.5306567770925176,0.5900113582611084,0.0,0.0,Ingénieur Méthodes H/F,,", ",CDI,
0,5751448,0.5279641884146355,0.4048051097585835,0.5807466506958008,0.0,0.0,Technicien ordonnancement F/H H/F,,", ",CDI,
0,8476607,0.527074499947982,0.3928991623161798,0.5845782160758972,0.0,0.0,surveillant travaux H/F - EC21435,,", ",CDD,
1,5637011,0.8531754478055782,0.5405202853145024,0.9871705174446106,0.0,0.0,DevOps Engineer - CLERMONT (H/F),,", ",CDI,
1,6006626,0.8406153247756589,0.46871774925219634,1.0,0.0,0.0,Ingénieur développement logiciel H/F,,", ",CDI,
1,2758909,0.8325338095183523,0.5297031898483142,0.9623183608055115,0.0,0.0,DevSecOps confirmé H/F,,", ",CDI,
1,190LLFL,0.7641394491145838,0.5879921698404114,0.8396311402320862,0.0,0.0,Lead DevOps Cloud (H/F),,", ",CDI,
1,5166618230,0.7447096794084317,0.5295556880486033,0.8369185328483582,0.0,0.0,Auxiliaire de vie H/F,,", ",,
1,5166618204,0.7447096794084317,0.5295556880486033,0.8369185328483582,0.0,0.0,Auxiliaire de vie H/F,,", ",,
1,5166618211,0.7447096794084317,0.5295556880486033,0.8369185328483582,0.0,0.0,Auxiliaire de vie H/F,,", ",,
1,4935463,0.7209457536642936,0.5701187915620499,0.785585880279541,0.0,0.0,Alternant DevOps / Automatisation H/F,,", ",CDD,
1,5120575990,0.7081373951837209,0.5398541761785038,0.7802587747573853,0.0,0.0,DevOps H/F,,", ",,
1,5114378446,0.6913193568910666,0.4830410829270907,0.7805814743041992,0.0,0.0,Administrateur de Base de Données MySQL Senior F/H/X,,", ",,
2,4471001,0.8577264446369484,0.5257548154564945,1.0,0.0,0.0,Data Engineer BW (Business Warehouse) (H/F),,", ",CDI,
2,189PHMT,0.7324719171733528,0.617832078208814,0.7816032767295837,0.0,0.0,Apprentissage Administrateur Systèmes et Réseaux (H/F),,", ",CDD,
2,5157499710,0.6961142596562675,0.5424645334349647,0.7619641423225403,0.0,0.0,INGENIEUR LOGICIEL GPU F/H,,", ",CDI,
2,5283058,0.6717170428251488,0.4587871468779983,0.7629727125167847,0.0,0.0,Business Manager / Ingénieur d'Affaires (38) (H/F),,", ",CDI,
2,5499398,0.6600179866570782,0.45664235473293446,0.7471789717674255,0.0,0.0,Ingénieur / Ingénieure d'étude informatique (H/F),,", ",CDI,
2,191TDYY,0.6557654228035702,0.5148498900148915,0.7161577939987183,0.0,0.0,Incident Manager (H/F),,", ",CDI,
2,5935393,0.6484180263819755,0.5102246775039241,0.7076437473297119,0.0,0.0,CPAM Haute-Savoie - Gestionnaire du parc informatique (H/F),,", ",CDD,
2,5970122,0.6462736634917559,0.41872671197106487,0.743793785572052,0.0,0.0,Administrateur / Administratrice système et réseaux d'information et de communication (H/F),,", ",CDI,
2,4603915,0.644562141046244,0.43439423357552304,0.7346341013908386,0.0,0.0,Pilote d'exploitation - QA System Team F/H (H/F),,", ",CDI,
2,4465279,0.6418113133424743,0.42294421497789497,0.7356114983558655,0.0,0.0,Responsable des études H/F,,", ",CDI,
3,4465279,0.8797750458012471,0.5992501526708238,1.0,0.0,0.0,Responsable des études H/F,,", ",CDI,
3,5476671,0.7978019495694411,0.5134705967004336,0.9196582436561584,0.0,0.0,CNAV - Intégrateur / Intégratrice d'exploitation informatique (H/F),,", ",CDI,
3,191WDNW,0.7667448596731352,0.5014271393668414,0.8804524540901184,0.0,0.0,Développeur intelligence artificielle (H/F),,", ",CDD,
3,5129728201,0.7627538281536996,0.6857618748667835,0.7957503795623779,0.0,0.0,Analyste d'exploitation F/H,,", ",,
3,5982086,0.7337084366598459,0.500489775908898,0.833659291267395,0.0,0.0,Data Engineer Annecy Alternance / Apprentissage (H/F),,", ",CDD,
3,5935393,0.6982438277425813,0.5569785671838282,0.7587860822677612,0.0,0.0,CPAM Haute-Savoie - Gestionnaire du parc informatique (H/F),,", ",CDD,
3,5740871,0.664995494430305,0.5794564384388973,0.7016550898551941,0.0,0.0,Ingénieur études électricité (H/F),,", ",CDI,
3,6035646,0.658392868620232,0.7255577583514166,0.6296079158782959,0.0,0.0,Consultant senior - Secteur Public - Strasbourg (H/F),,", ",CDI,
3,5643915,0.6497594356992342,0.49068792676213663,0.717932939529419,0.0,0.0,Responsable des systèmes informatiques h/f,,", ",CDI,
3,5246873,0.6373649517750076,0.5877801312523854,0.6586155891418457,0.0,0.0,Administrateur / Administratrice système et réseaux d'information et de communication (H/F),,", ",CDI,
4,5130741339,0.8475114731706138,0.4917049105687129,1.0,0.0,0.0,Technicien support de proximité,,", ",CDI,
4,5964004,0.7982066468682396,0.5017663294363378,0.9252524971961975,0.0,0.0,Chargé / Chargée d'études socio-économiques (H/F),,", ",CDI,
4,5643915,0.736854546795171,0.41990774714245255,0.872688889503479,0.0,0.0,Responsable des systèmes informatiques h/f,,", ",CDI,
4,5129728201,0.7075021385521252,0.5639736252925656,0.7690143585205078,0.0,0.0,Analyste d'exploitation F/H,,", ",,
4,5172708443,0.6565294463533712,0.45247261361895413,0.7439823746681213,0.0,0.0,Agent Commercial(e) immobilier expériménté(e),,", ",CDI,
4,5499398,0.6398783631090509,0.46296656362354327,0.715697705745697,0.0,0.0,Ingénieur / Ingénieure d'étude informatique (H/F),,", ",CDI,
4,5160978955,0.6352210037479451,0.4352684393755766,0.7209149599075317,0.0,0.0,Correspondant économique famille environnement de travail et collaborateur F/H,,", ",,
4,4771724,0.6347122727173182,0.44183832351949914,0.7173725366592407,0.0,0.0,Développeur .Net H/F,,", ",CDI,
4,5163550751,0.6071203751205291,0.49127739099624596,0.6567673683166504,0.0,0.0,Agent de production H/F,,", ",CDD,
4,6106210,0.6051898696010689,0.41968025034844214,0.6846939921379089,0.0,0.0,INGENIEUR RESEAU ET TELECOM (H/F),,", ",Freelance,
5,5171787703,0.8456417013508919,0.48547233783630633,1.0,0.0,0.0,Agent de Production Agroalimentaire H/F,,", ",,
5,4914422,0.789227450862778,0.4920330675948091,0.9165964722633362,0.0,0.0,Ingénieur Réseau / Sécurité Confirmé (H/F),,", ",CDI,
5,6081980,0.768209699331283,0.46559805849710917,0.897900402545929,0.0,0.0,Technicien / Technicienne d'exploitation informatique (H/F),,", ",CDD,
5,5870465,0.6708297796749711,0.528771581816554,0.7317118644714355,0.0,0.0,Apprenti (H/F) Gestionnaire BIM/DATA/Patrimoine,,", ",CDD,
5,190YMRB,0.6288593820091386,0.5068437229780025,0.681151807308197,0.0,0.0,COORDINATEUR AGIR (H/F),,", ",CDI,
5,5646372,0.628278629357083,0.5005754774625546,0.6830085515975952,0.0,0.0,Ingénieur Méthodes H/F,,", ",CDI,
5,5129728201,0.6088701936295545,0.5687212654918155,0.626076877117157,0.0,0.0,Analyste d'exploitation F/H,,", ",,
5,5402032,0.5768348758487116,0.4696417666369715,0.6227747797966003,0.0,0.0,Responsable utilisateurs des systèmes d'information h/f,,", ",CDI,
5,190XRWD,0.5412804406931122,0.5740049421953228,0.527255654335022,0.0,0.0,Technicien informatique H/F - CDI - Saint Herblain (44) (H/F),,", ",CDI,
5,5094739417,0.5355830090667894,0.45326537470886763,0.5708619952201843,0.0,0.0,Mecanicien Agricole H/F,,", ",,
6,5169414601,0.8330043703665833,0.4433479012219443,1.0,0.0,0.0,CUISINIER H/F,,", ",CDI,
6,5164263994,0.676346061995297,0.562204733062682,0.725263774394989,0.0,0.0,CUISINIER (H/F/D),,", ",CDD,
6,5146945846,0.6715512280153477,0.6056553338922539,0.6997923254966736,0.0,0.0,Magasinier - ANGERS F/H,,", ",CDI,
6,5172716730,0.6686907857788651,0.4451879164023695,0.7644777297973633,0.0,0.0,Cuisinier / Cuisinière,,", ",CDD,
6,5172686492,0.6624893967445551,0.4886175805117881,0.737005889415741,0.0,0.0,CUISINIER H/F,,", ",CDD,
6,5125608815,0.6511923976667918,0.524986726684106,0.7052805423736572,0.0,0.0,Magasinier Cariste H/F,,", ",,
6,5163457383,0.6498175421483782,0.552172514838466,0.6916654109954834,0.0,0.0,Magasinier- Cariste H/F,,", ",CDD,
6,5166042094,0.6487163949696354,0.49921045326131325,0.7127903699874878,0.0,0.0,Cuisinier Superieur,,", ",CDD,
6,5170736824,0.6477173383121767,0.49918307697941156,0.7113748788833618,0.0,0.0,CUISINIER (H/F),,", ",CDD,
6,5151455462,0.645639043267818,0.5158753766492065,0.7012520432472229,0.0,0.0,MAGASINIER CARISTE (F/H),,", ",CDD,
7,5172708443,0.8232375085098862,0.4107916950329542,1.0,0.0,0.0,Agent Commercial(e) immobilier expériménté(e),,", ",CDI,
7,5866611,0.6113386077612343,0.4964956187306848,0.6605570316314697,0.0,0.0,Pricing Manager H/F,,", ",CDI,
7,4621113,0.5681659874156286,0.4518908649137187,0.6179981827735901,0.0,0.0,Alternance Développeur/se - Java - Transport - Lille (H/F),,", ",Intérim,
7,4206600,0.5576038300976024,0.48676886160667254,0.5879616737365723,0.0,0.0,TECHNICIEN TELECOM - CHÂLONS EN CHAMPAGNE (51) - H/F,,", ",CDI,
7,5499398,0.5370522339329578,0.47695897658184405,0.5628064870834351,0.0,0.0,Ingénieur / Ingénieure d'étude informatique (H/F),,", ",CDI,
7,5713425,0.5305885347443389,0.45668865333582537,0.5622599124908447,0.0,0.0,Ingénieur de développement C++ (H/F),,", ",CDI,
7,5603006,0.5185528757469945,0.41404372529754785,0.5633425116539001,0.0,0.0,Maître / Maîtresse d'ouvrage système d'information (H/F),,", ",CDI,
7,191WDNW,0.5175414631270705,0.5501837761876778,0.5035519003868103,0.0,0.0,Développeur intelligence artificielle (H/F),,", ",CDD,
7,5129728201,0.5115571800765704,0.5266671590994829,0.5050814747810364,0.0,0.0,Analyste d'exploitation F/H,,", ",,
7,5998821,0.5049009084604277,0.42943155762291424,0.5372449159622192,0.0,0.0,Cegid - Développeur / Développeuse informatique (H/F),,", ",CDI,
8,6025377,0.931691982795576,0.7723066093185866,1.0,0.0,0.0,Officier adjoint au chef de pole data - Analyste en données géographiques H/F (Marine Nationale),,", ",CDD,
8,5164851766,0.7967709375422066,0.6625508709089181,0.8542938232421875,0.0,0.0,Ingenieur Informatique – Chef De Projet Moe (F/H),,", ",,
8,5150500612,0.7903554326976787,0.545979263612115,0.8950880765914917,0.0,0.0,Ingénieur Métrologie des mesures océanographiques issues de biologgers H/F,,", ",CDD,
8,5100805453,0.7788802782220637,0.7272624504311205,0.8010022044181824,0.0,0.0,Technicien réseaux et télécommunications [Statut Militaire],,", ",,
8,5112647288,0.703732894457038,0.7073284341118593,0.702191948890686,0.0,0.0,26/03/2025 - Ingénieur Responsable de la Sécurité des Systèmes d'Informations du GHT Loire (CHU de Saint-Étienne Saint-Etienne),,", ",,
8,5163534877,0.6320391862881423,0.4836219248812199,0.6956465840339661,0.0,0.0,Ingénieur en modélisation (H/F),,", ",,
8,5169102170,0.6306287584318889,0.5780596725192908,0.6531583666801453,0.0,0.0,Vendeur comptoir en restauration I SAINT DENIS I ALTERNANCE STA7408 H/F,,", ",CDD,
8,5150996361,0.619372844941267,0.5890901096888668,0.6323511600494385,0.0,0.0,Alternance - Licence Professionnelle en Microbiologie Sanitaire H/F,,", ",,
8,4919350,0.6137304445756046,0.6553428837499906,0.5958965420722961,0.0,0.0,Technicien eau pluviale et assainissement H/F,,", ",CDI,
8,5129728201,0.6058574169685318,0.6279114583498484,0.5964056849479675,0.0,0.0,Analyste d'exploitation F/H,,", ",,
9,5981679,0.8443955060676743,0.4813183535589144,1.0,0.0,0.0,Ingénieur de production - N4 (H/F),,", ",CDI,
9,191WTDJ,0.7720746357803924,0.47640489192981955,0.8987902402877808,0.0,0.0,Ingénieur d'exploitation HVAC (H/F),,", ",CDI,
9,5026967,0.7372905778347072,0.44420410774105684,0.8628990650177002,0.0,0.0,responsable unité suivi tiers marchés H/F - EC20116,,", ",CDI,
9,191WKLH,0.6911836565248167,0.4698621831708471,0.7860357165336609,0.0,0.0,Opérateur informatique (H/F),,", ",CDI,
9,7463246,0.6633252097992473,0.5132538126006303,0.7276415228843689,0.0,0.0,Architecte logiciel temps réel embarqué expérimenté f/h (H/F),,", ",CDI,
9,5129728201,0.6442728487730768,0.6471437904837221,0.6430424451828003,0.0,0.0,Analyste d'exploitation F/H,,", ",,
9,5166422731,0.6359799860245714,0.6238594645681412,0.6411744952201843,0.0,0.0,Médecin esthétique - Suresnes 92 H/F,,", ",CDI,
9,5165171064,0.6302633680134085,0.42804782828657745,0.716927170753479,0.0,0.0,Ingénieur Qualité Logiciel 26262 H/F,,", ",,
9,5169357926,0.6220181379628303,0.4861039035559107,0.6802670955657959,0.0,0.0,Alternance - Chargé(e) de Projet AMOA Interne H/F,,", ",Freelance,
9,4228821,0.6188775195956595,0.535149777690691,0.6547608375549316,0.0,0.0,Architecte systèmes à capteurs distribués f/h (H/F),,", ",CDI,
10,5145028463,0.8559712850711237,0.5199042835704126,1.0,0.0,0.0,Informaticien Industriel H/F,,", ",CDI,
10,5826512,0.6508291110774864,0.507737909880277,0.7121539115905762,0.0,0.0,Technicien systèmes et réseaux (H/F),,", ",CDI,
10,191VMVS,0.6400912217130327,0.4586552553143976,0.7178494930267334,0.0,0.0,Administrateur / Administratrice systèmes et réseaux (H/F),,", ",CDI,
10,5169984006,0.6177922029481677,0.5105434520994121,0.6637559533119202,0.0,0.0,Pâtissier (H/F),,", ",CDD,
10,5990245,0.6058492694146604,0.4685825618926586,0.6646778583526611,0.0,0.0,Administrateur base de données - h/f - Reims,,", ",CDI,
10,190XRWD,0.5679226963867148,0.5357729491755037,0.5817011594772339,0.0,0.0,Technicien informatique H/F - CDI - Saint Herblain (44) (H/F),,", ",CDI,
10,5964004,0.56567767245111,0.6007522537488782,0.5506457090377808,0.0,0.0,Chargé / Chargée d'études socio-économiques (H/F),,", ",CDI,
10,190LWSL,0.5543915506022374,0.5365578915732437,0.562034547328949,0.0,0.0,Commercial / Commerciale logiciels de gestion (H/F),,", ",CDI,
10,5402032,0.5516479038844245,0.5200037438504357,0.565209686756134,0.0,0.0,Responsable utilisateurs des systèmes d'information h/f,,", ",CDI,
10,5246873,0.5442099837414741,0.5362016849889752,0.5476421117782593,0.0,0.0,Administrateur / Administratrice système et réseaux d'information et de communication (H/F),,", ",CDI,
11,5129728201,0.8691649436947743,0.5638831456492475,1.0,0.0,0.0,Analyste d'exploitation F/H,,", ",,
11,8476607,0.7439992858599163,0.46686798785479106,0.8627698421478271,0.0,0.0,surveillant travaux H/F - EC21435,,", ",CDD,
11,5146232,0.6509261002178225,0.4255056348228564,0.7475348711013794,0.0,0.0,Expert en cyber sécurité - Responsable de la Sécurité numérique H/F,,", ",CDI,
11,5167310619,0.6494543634918091,0.7205576178321433,0.6189815402030945,0.0,0.0,Technicien Polivalent - MAIRIE DE SAINT-LAURENT-DU-MARONI,,", ",CDD,
11,5026967,0.6387667454309747,0.4642324967607809,0.7135671377182007,0.0,0.0,responsable unité suivi tiers marchés H/F - EC20116,,", ",CDI,
11,191WDNW,0.6315098749175624,0.41517920844255424,0.7242230176925659,0.0,0.0,Développeur intelligence artificielle (H/F),,", ",CDD,
11,5152422478,0.6231428851782378,0.4436459508535253,0.7000701427459717,0.0,0.0,Responsable de magasin (F/H) H/F,,", ",CDI,
11,190XRWD,0.610437971753744,0.4720633241960331,0.6697413921356201,0.0,0.0,Technicien informatique H/F - CDI - Saint Herblain (44) (H/F),,", ",CDI,
11,5135190907,0.5833727699068807,0.42440439646364025,0.6515020728111267,0.0,0.0,ALTERNANCE - Ingénieur Validation & Integration DIS TIS (H/F),,", ",,
11,5160978955,0.5800133313233846,0.5593768641336738,0.5888575315475464,0.0,0.0,Correspondant économique famille environnement de travail et collaborateur F/H,,", ",,
12,5169102170,0.8660131865284106,0.5533772884280357,1.0,0.0,0.0,Vendeur comptoir en restauration I SAINT DENIS I ALTERNANCE STA7408 H/F,,", ",CDD,
12,5151065,0.6801388018412188,0.5901835537893225,0.7186910510063171,0.0,0.0,Tech lead fullstack C# .Net - F/H (H/F),,", ",CDI,
12,5148712996,0.6412247035236405,0.6606421978378447,0.6329029202461243,0.0,0.0,Assistant Comptable H/F,,", ",CDI,
12,5140840,0.6241871183540589,0.6544177152799788,0.6112311482429504,0.0,0.0,Consultante/Consultant technique CRM Rennes - ALT (H/F),,", ",CDI,
12,5138460687,0.5934226841926444,0.6374911371866425,0.5745362043380737,0.0,0.0,Consultant BI F/H,,", ",CDI,
12,5172689344,0.5772399566417497,0.4790063771425225,0.6193400621414185,0.0,0.0,Technicien(ne) de maintenance électronique h/f,,", ",CDI,
12,5172740415,0.554721055218712,0.7398494806194817,0.4753803014755249,0.0,0.0,CREPIER (H/F),,", ",CDD,
12,5694131,0.5246385624344794,0.48388377505396735,0.5421048998832703,0.0,0.0,Chef de projet digital H/F,,", ",CDI,
12,5172369048,0.4681411751748946,0.5344415236320188,0.43972674012184143,0.0,0.0,Ingénieur Développement de logiciels embarqués H/F,,", ",,
12,5112647288,0.4634857197594794,0.6772559848070647,0.37186989188194275,0.0,0.0,26/03/2025 - Ingénieur Responsable de la Sécurité des Systèmes d'Informations du GHT Loire (CHU de Saint-Étienne Saint-Etienne),,", ",,
13,5037289607,0.8852461495873055,0.6174871652910183,1.0,0.0,0.0,Administrateur·trice Systèmes et Réseaux H/F,,", ",,
13,191GMRM,0.7938426141026126,0.6274836672950144,0.8651393055915833,0.0,0.0,Administrateur / Administratrice systèmes et réseaux (H/F),,", ",CDI,
13,5166148952,0.5679731133060218,0.9174863008911613,0.41818174719810486,0.0,0.0,Pharmacien PUI - H/F,,", ",CDI,
13,5630900,0.5032139665067218,0.5062982063094847,0.5018921494483948,0.0,0.0,H/F Ingénieur étude de prix basé dans le 73,,", ",Intérim,
13,191VRPJ,0.49714436117645416,0.536903466908015,0.4801047444343567,0.0,0.0,Administrateur systèmes et réseaux (réf. 23822) (H/F),,", ",CDD,
13,5643915,0.48870764204480066,0.6609838746858243,0.41487497091293335,0.0,0.0,Responsable des systèmes informatiques h/f,,", ",CDI,
13,5129728201,0.4755842001022287,0.6195798816884187,0.41387176513671875,0.0,0.0,Analyste d'exploitation F/H,,", ",,
13,5539202,0.47327119341599583,0.6988437848325451,0.37659722566604614,0.0,0.0,Technicien.ne exploitation en charge du transport H/F,,", ",CDI,
13,189PHMT,0.4552650559488036,0.5388523302287188,0.41944193840026855,0.0,0.0,Apprentissage Administrateur Systèmes et Réseaux (H/F),,", ",CDD,
13,8476607,0.4544854978180274,0.549223336728528,0.4138835668563843,0.0,0.0,surveillant travaux H/F - EC21435,,", ",CDD,
14,5146232,0.8662155896642623,0.554051965547541,1.0,0.0,0.0,Expert en cyber sécurité - Responsable de la Sécurité numérique H/F,,", ",CDI,
14,5643915,0.825759924844189,0.5143070664514556,0.9592397212982178,0.0,0.0,Responsable des systèmes informatiques h/f,,", ",CDI,
14,4319019,0.7111291798405125,0.52428826770924,0.7912038564682007,0.0,0.0,NORAUTO - Ingénieur / Ingénieure analyste en système d'information (H/F),,", ",CDI,
14,5129728201,0.7015340980800886,0.575789688995447,0.7554245591163635,0.0,0.0,Analyste d'exploitation F/H,,", ",,
14,191WDNW,0.691980871959365,0.5103682590982537,0.7698148488998413,0.0,0.0,Développeur intelligence artificielle (H/F),,", ",CDD,
14,8476607,0.6821505364958266,0.5381868074946334,0.7438492774963379,0.0,0.0,surveillant travaux H/F - EC21435,,", ",CDD,
14,5138771,0.676461522109461,0.5382262810308145,0.7357051968574524,0.0,0.0,Data Engineer senior - Services Financiers - Lille (H/F),,", ",CDI,
14,5246873,0.6648671763045353,0.511075025433554,0.7307780981063843,0.0,0.0,Administrateur / Administratrice système et réseaux d'information et de communication (H/F),,", ",CDI,
14,4465279,0.6497967050769851,0.5639395271072536,0.6865926384925842,0.0,0.0,Responsable des études H/F,,", ",CDI,
14,5935393,0.6378323321878332,0.5174023129342061,0.6894451975822449,0.0,0.0,CPAM Haute-Savoie - Gestionnaire du parc informatique (H/F),,", ",CDD,
15,4953426938,0.8468944284998627,0.4896480949995423,1.0,0.0,0.0,Responsable opérationnel data gouvernance et éthique,,", ",CDI,
15,5630900,0.37151464713114557,0.5462592705255764,0.296624094247818,0.0,0.0,H/F Ingénieur étude de prix basé dans le 73,,", ",Intérim,
15,191WDNW,0.36951953442767393,0.47343825207402745,0.3249829411506653,0.0,0.0,Développeur intelligence artificielle (H/F),,", ",CDD,
15,5036894984,0.36379885536553813,0.5409757349929,0.28786590695381165,0.0,0.0,Electricien Industriel H/F,,", ",,
15,5129728201,0.36164177214878584,0.6330682984914311,0.24531611800193787,0.0,0.0,Analyste d'exploitation F/H,,", ",,
15,5166618204,0.3278535774110752,0.5120365291035829,0.24891802668571472,0.0,0.0,Auxiliaire de vie H/F,,", ",,
15,5166618211,0.3278535774110752,0.5120365291035829,0.24891802668571472,0.0,0.0,Auxiliaire de vie H/F,,", ",,
15,5166618230,0.3278535774110752,0.5120365291035829,0.24891802668571472,0.0,0.0,Auxiliaire de vie H/F,,", ",,
15,5522773,0.3223882822983339,0.46187736550730946,0.26260724663734436,0.0,0.0,Développeur C++ (H/F),,", ",CDI,
15,5165322303,0.3187748351121898,0.4934135554316823,0.2439296692609787,0.0,0.0,Senior Legal Counsel – Export Control et Sanctions Internationales F / H,,", ",,
16,0200016,0.8660637636934077,0.5535458789780257,1.0,0.0,0.0,TECHNICIEN ITINÉRANT (75) - H/F,,", ",CDI,
16,8855377,0.8660637636934077,0.5535458789780257,1.0,0.0,0.0,TECHNICIEN ITINÉRANT (75) - H/F,,", ",CDI,
16,5167874319,0.7474447472055383,0.5458804114525944,0.8338294625282288,0.0,0.0,Baby-Sitting H/F,,", ",,
16,5021908,0.7412420132130676,0.49194980938245664,0.8480815291404724,0.0,0.0,H/F Ingénieur étude électricité basé sur le 75,,", ",Intérim,
16,5169984006,0.6629242350494936,0.7174901928623767,0.6395388245582581,0.0,0.0,Pâtissier (H/F),,", ",CDD,
16,5171786998,0.6098981346301111,0.7583341285956808,0.5462827086448669,0.0,0.0,Opérateur Pétrin H/F,,", ",Intérim,
16,190XRWD,0.5724903872517407,0.5586998631251059,0.5784006118774414,0.0,0.0,Technicien informatique H/F - CDI - Saint Herblain (44) (H/F),,", ",CDI,
16,5112647288,0.5442524446650973,0.5258455122857064,0.5521411299705505,0.0,0.0,26/03/2025 - Ingénieur Responsable de la Sécurité des Systèmes d'Informations du GHT Loire (CHU de Saint-Étienne Saint-Etienne),,", ",,
16,5283058,0.5418359343614543,0.46171665337561385,0.5761727690696716,0.0,0.0,Business Manager / Ingénieur d'Affaires (38) (H/F),,", ",CDI,
16,4902685,0.5407747928427687,0.6033818536755216,0.5139431953430176,0.0,0.0,Technicien télécom h/f (12),,", ",CDI,
17,5170002402,0.8616239291160842,0.5387464303869475,1.0,0.0,0.0,Juriste en droit des sociétés F/H,,", ",CDI,
17,5499398,0.6526641458918829,0.37123752655260434,0.7732755541801453,0.0,0.0,Ingénieur / Ingénieure d'étude informatique (H/F),,", ",CDI,
17,190WPXN,0.627276196767155,0.3723649670324844,0.7365238666534424,0.0,0.0,Technicien / Technicienne Systèmes d'Information Géographique -SIG- (H/F),,", ",CDI,
17,4995240,0.611513501314498,0.3828114069441193,0.7095286846160889,0.0,0.0,COORDINATEUR INFORMATIQUE (H/F),,", ",CDI,
17,4911354,0.5868471562330904,0.4068553445951748,0.6639865040779114,0.0,0.0,Ingénieur en Systèmes Embarqués (H/F),,", ",CDI,
17,5146232,0.5671908855946187,0.472336272567949,0.6078428626060486,0.0,0.0,Expert en cyber sécurité - Responsable de la Sécurité numérique H/F,,", ",CDI,
17,5643915,0.5640820869733234,0.4169864882791505,0.6271230578422546,0.0,0.0,Responsable des systèmes informatiques h/f,,", ",CDI,
17,8476607,0.5594377922057951,0.5030137257575475,0.5836195349693298,0.0,0.0,surveillant travaux H/F - EC21435,,", ",CDD,
17,6106210,0.5587001315795977,0.43212552601880483,0.6129463911056519,0.0,0.0,INGENIEUR RESEAU ET TELECOM (H/F),,", ",Freelance,
17,4465279,0.5457540201449655,0.5405767319282766,0.5479728579521179,0.0,0.0,Responsable des études H/F,,", ",CDI,
18,5146232,0.8329240577379142,0.44308019245971403,1.0,0.0,0.0,Expert en cyber sécurité - Responsable de la Sécurité numérique H/F,,", ",CDI,
18,5393737,0.7922895320713604,0.5747543204029684,0.8855189085006714,0.0,0.0,Administrateur système et réseaux polyvalent H/F,,", ",CDI,
18,5630900,0.7666832392908525,0.4784824270332497,0.8901978731155396,0.0,0.0,H/F Ingénieur étude de prix basé dans le 73,,", ",Intérim,
18,5165322303,0.7298255029911085,0.5475239765625145,0.807954728603363,0.0,0.0,Senior Legal Counsel – Export Control et Sanctions Internationales F / H,,", ",,
18,5026967,0.723903717774913,0.5295518112804007,0.8071973919868469,0.0,0.0,responsable unité suivi tiers marchés H/F - EC20116,,", ",CDI,
18,5935393,0.6621342915633538,0.45119280230310865,0.7525377869606018,0.0,0.0,CPAM Haute-Savoie - Gestionnaire du parc informatique (H/F),,", ",CDD,
18,4479321,0.6528221473427829,0.6305452934014191,0.6623693704605103,0.0,0.0,CDI - Responsable Système Applicatif F/H (H/F),,", ",CDI,
18,6025377,0.6482908663038263,0.6216009050223064,0.6597294211387634,0.0,0.0,Officier adjoint au chef de pole data - Analyste en données géographiques H/F (Marine Nationale),,", ",CDD,
18,5141596,0.6449962162608334,0.5615966994346606,0.6807388663291931,0.0,0.0,Alternance Bac Pro AGORA - Téléopérateur Dépannage (H/F) - Toulouse (31),,", ",CDI,
18,5129728201,0.5970155851956753,0.5480980531760548,0.6179802417755127,0.0,0.0,Analyste d'exploitation F/H,,", ",,
19,191TDYY,0.8420569906210009,0.473523302070003,1.0,0.0,0.0,Incident Manager (H/F),,", ",CDI,
19,5165629176,0.6460241245877476,0.5889669218499565,0.6704772114753723,0.0,0.0,Testeur Logiciel H/F,,", ",CDI,
19,5037293584,0.6246242914625078,0.4579055024610853,0.6960752010345459,0.0,0.0,Ingénieur DevOps Senior H/F,,", ",,
19,191CTKP,0.550496391799858,0.4848444208397162,0.5786329507827759,0.0,0.0,Informaticien / Informaticienne en alternance H/F,,", ",CDD,
19,5740871,0.4076215534963821,0.5335297881095327,0.3536608815193176,0.0,0.0,Ingénieur études électricité (H/F),,", ",CDI,
19,5998821,0.3923598413402413,0.7055580432993089,0.25813204050064087,0.0,0.0,Cegid - Développeur / Développeuse informatique (H/F),,", ",CDI,
19,5129728201,0.38053689300921517,0.5704778432815258,0.29913362860679626,0.0,0.0,Analyste d'exploitation F/H,,", ",,
19,5740884,0.3786263563396426,0.49044274560673107,0.33070504665374756,0.0,0.0,Ingénieur méthodes CND (H/F),,", ",CDI,
19,189PHMT,0.37607747354914,0.6636683357692179,0.25282424688339233,0.0,0.0,Apprentissage Administrateur Systèmes et Réseaux (H/F),,", ",CDD,
19,5160978955,0.36165275381259054,0.500391586166353,0.3021932542324066,0.0,0.0,Correspondant économique famille environnement de travail et collaborateur F/H,,", ",,
20,5630900,0.8415930652631013,0.47197688421033784,1.0,0.0,0.0,H/F Ingénieur étude de prix basé dans le 73,,", ",Intérim,
20,5964004,0.8005045857267741,0.46346434826227173,0.9449504017829895,0.0,0.0,Chargé / Chargée d'études socio-économiques (H/F),,", ",CDI,
20,5643915,0.7329693806780038,0.46505974154096774,0.8477877974510193,0.0,0.0,Responsable des systèmes informatiques h/f,,", ",CDI,
20,5166618211,0.7326383081611707,0.5037982555020897,0.830712616443634,0.0,0.0,Auxiliaire de vie H/F,,", ",,
20,5166618204,0.7326383081611707,0.5037982555020897,0.830712616443634,0.0,0.0,Auxiliaire de vie H/F,,", ",,
20,5166618230,0.7326383081611707,0.5037982555020897,0.830712616443634,0.0,0.0,Auxiliaire de vie H/F,,", ",,
20,4919350,0.671865407612444,0.6566283636176617,0.6783955693244934,0.0,0.0,Technicien eau pluviale et assainissement H/F,,", ",CDI,
20,5280566,0.6581725143064665,0.45368539050870704,0.7458098530769348,0.0,0.0,H/F Chargé d'études Bâtiment,,", ",CDI,
20,5826512,0.6456952403514713,0.5080226297276318,0.7046977877616882,0.0,0.0,Technicien systèmes et réseaux (H/F),,", ",CDI,
20,5171901153,0.6438694155477569,0.6338935614503378,0.6481447815895081,0.0,0.0,Boucher (H/F),,", ",CDI,
21,0592391,0.8553107163472737,0.5177023878242459,1.0,0.0,0.0,TECHNICIEN TELECOM - AUMETZ (57) - H/F,,", ",CDI,
21,5283058,0.7822075184752013,0.5741502829953913,0.8713749051094055,0.0,0.0,Business Manager / Ingénieur d'Affaires (38) (H/F),,", ",CDI,
21,5129728201,0.7376891259248608,0.649076701500533,0.7756658792495728,0.0,0.0,Analyste d'exploitation F/H,,", ",,
21,4206600,0.6426331515451253,0.5466381295985583,0.6837738752365112,0.0,0.0,TECHNICIEN TELECOM - CHÂLONS EN CHAMPAGNE (51) - H/F,,", ",CDI,
21,191RMZN,0.5845254163476389,0.5035312906015453,0.6192371845245361,0.0,0.0,Consultant / Consultante SIRH ressources humaines (H/F),,", ",CDI,
21,5170825362,0.5471135112883643,0.5740914256181968,0.5355515480041504,0.0,0.0,Responsable opérationnel Sécurité /Architecte H/F,,", ",CDI,
21,5479218,0.5431088319265606,0.5501496562837764,0.540091335773468,0.0,0.0,Ingénieur / Ingénieure d'étude et développement informatique (H/F),,", ",CDI,
21,5170474091,0.5358938766037455,0.5979811789310744,0.509285032749176,0.0,0.0,Chef gérant en restauration collective - Saint-Ouen (93) H/F,,", ",,
21,5109597367,0.5308518962571619,0.49971229384660665,0.5441974401473999,0.0,0.0,Data Engineer H/F,,", ",,
21,5171883021,0.5164451104597767,0.5682761212840741,0.49423182010650635,0.0,0.0,Charcutier H/F,,", ",Intérim,
22,4910582078,0.8543049556217548,0.5143498520725158,1.0,0.0,0.0,Matelot Guetteur de la flotte H/F,,", ",CDD,
22,4910582084,0.8543049556217548,0.5143498520725158,1.0,0.0,0.0,Matelot Guetteur de la flotte H/F,,", ",CDD,
22,5172708443,0.5763103729469773,0.51555792688767,0.6023471355438232,0.0,0.0,Agent Commercial(e) immobilier expériménté(e),,", ",CDI,
22,5964004,0.5426671801226114,0.46115350664217436,0.5776016116142273,0.0,0.0,Chargé / Chargée d'études socio-économiques (H/F),,", ",CDI,
22,5171758455,0.5028276205355959,0.4983349443458974,0.504753053188324,0.0,0.0,Conseiller en Telephone H/F,,", ",,
22,5164263994,0.48697872054620656,0.5944815540328314,0.4409060776233673,0.0,0.0,CUISINIER (H/F/D),,", ",CDD,
22,4465279,0.47236855687919377,0.6633405805370249,0.39052340388298035,0.0,0.0,Responsable des études H/F,,", ",CDI,
22,5630900,0.4689035736505306,0.423612781029316,0.4883139133453369,0.0,0.0,H/F Ingénieur étude de prix basé dans le 73,,", ",Intérim,
22,5171876557,0.46872820495695333,0.47850185431144177,0.464539498090744,0.0,0.0,Boulanger H/F,,", ",,
22,5173194349,0.44016733131689634,0.4680631346796223,0.4282119870185852,0.0,0.0,Aide de cuisine H/F,,", ",CDD,
23,191CNKS,0.8332420960732225,0.4441403202440752,1.0,0.0,0.0,TALENTUEUX-se CONSULTANT BI / BIG DATA - LYON - (H/F),,", ",CDI,
23,8855377,0.7984929848773596,0.41432841256701863,0.9631349444389343,0.0,0.0,TECHNICIEN ITINÉRANT (75) - H/F,,", ",CDI,
23,0200016,0.7984929848773596,0.41432841256701863,0.9631349444389343,0.0,0.0,TECHNICIEN ITINÉRANT (75) - H/F,,", ",CDI,
23,5141596,0.7796370940228387,0.5362202978200661,0.8839585781097412,0.0,0.0,Alternance Bac Pro AGORA - Téléopérateur Dépannage (H/F) - Toulouse (31),,", ",CDI,
23,191CNGR,0.7446930753753817,0.40817705378474,0.8889142274856567,0.0,0.0,TALENTUEUX CONSULTANT BI / BIG DATA - BORDEAUX - (H/F),,", ",CDI,
23,5144959846,0.7404803780357293,0.5672791294390136,0.814709484577179,0.0,0.0,Monteur en Tuyauterie H/F,,", ",,
23,5643915,0.7123055609596983,0.41071533247272696,0.8415585160255432,0.0,0.0,Responsable des systèmes informatiques h/f,,", ",CDI,
23,5172716730,0.6681911534007391,0.4828641632980772,0.7476170063018799,0.0,0.0,Cuisinier / Cuisinière,,", ",CDD,
23,5146232,0.6663900479016139,0.4331979302358078,0.7663295269012451,0.0,0.0,Expert en cyber sécurité - Responsable de la Sécurité numérique H/F,,", ",CDI,
23,191NLJC,0.6480657841526929,0.44164120017272357,0.7365334630012512,0.0,0.0,Responsable Pricing (H/F),,", ",CDI,
24,5116157447,0.8891442432728732,0.6304808109095775,1.0,0.0,0.0,Ingénieur DEVOPS Expérimenté - Clermont-Ferrand (Homme/femme) H/F,,", ",CDD,
24,5859312,0.6638178534510549,0.6626103146880256,0.6643353700637817,0.0,0.0,Technicien Finance ERP (H/F),,", ",CDI,
24,5414376,0.5802170707005538,0.6263431155742135,0.5604487657546997,0.0,0.0,Data analyst - Alternance (H/F),,", ",CDD,
24,5499398,0.4158322725145552,0.4987572840347996,0.38029298186302185,0.0,0.0,Ingénieur / Ingénieure d'étude informatique (H/F),,", ",CDI,
24,5172368900,0.4127620862057359,0.5640616072981062,0.34791943430900574,0.0,0.0,Ingénieur logiciel Confirmé(e) C C++ Python H/F,,", ",,
24,4899371056,0.4101991111214195,0.7851247470164413,0.24951669573783875,0.0,0.0,Ferrailleur H/F,,", ",CDI,
24,5129728201,0.39263348747252647,0.6656783477782946,0.27561426162719727,0.0,0.0,Analyste d'exploitation F/H,,", ",,
24,8476607,0.3902787942013637,0.6408383410246821,0.28289613127708435,0.0,0.0,surveillant travaux H/F - EC21435,,", ",CDD,
24,5740871,0.38582918403549504,0.5647215266361341,0.3091610372066498,0.0,0.0,Ingénieur études électricité (H/F),,", ",CDI,
24,4919350,0.3653104622963457,0.7216331875335469,0.2126007229089737,0.0,0.0,Technicien eau pluviale et assainissement H/F,,", ",CDI,
25,5170735460,0.892351158054732,0.6411705268491066,1.0,0.0,0.0,OPERATEUR EN PRODUCTION (H/F),,", ",CDD,
25,5146758008,0.6861083631597409,0.5799719508761996,0.7315953969955444,0.0,0.0,Technicien Informatique - Réseaux & Télécoms Terrain H/F,,", ",CDI,
25,5128372305,0.6571816782080784,0.6613998942652195,0.6553738713264465,0.0,0.0,Ingénieur Logiciel Embarqué C/C++ H/F,,", ",CDI,
25,5630900,0.48736459260287057,0.628437656333121,0.42690470814704895,0.0,0.0,H/F Ingénieur étude de prix basé dans le 73,,", ",Intérim,
25,5129728201,0.42241097430868313,0.5461209231112851,0.36939242482185364,0.0,0.0,Analyste d'exploitation F/H,,", ",,
25,5280802,0.38064032326122543,0.6592211070981431,0.26124855875968933,0.0,0.0,Ingénieur Études Électricité Bâtiment Confirmé - Basé sur le 77 (H/F),,", ",Intérim,
25,5630231,0.36094131792963735,0.4299088724911608,0.3313837945461273,0.0,0.0,Ingénieur responsable de projet déchets - énergie basé sur le 89 (H/F),,", ",Intérim,
25,5740050,0.3542970564700175,0.4484531868620082,0.31394442915916443,0.0,0.0,Ingénieur-ingénieure traitement l'eau et Hydraulique basé sur le 77 (H/F),,", ",Intérim,
25,5112647288,0.35428980211646893,0.7077974253307295,0.20278653502464294,0.0,0.0,26/03/2025 - Ingénieur Responsable de la Sécurité des Systèmes d'Informations du GHT Loire (CHU de Saint-Étienne Saint-Etienne),,", ",,
25,4919350,0.3502928986763831,0.507948254418332,0.28272631764411926,0.0,0.0,Technicien eau pluviale et assainissement H/F,,", ",CDI,
26,5172708443,0.8897350301690753,0.6324501005635843,1.0,0.0,0.0,Agent Commercial(e) immobilier expériménté(e),,", ",CDI,
26,5998821,0.8710395110725594,0.6811227841772083,0.95243239402771,0.0,0.0,Cegid - Développeur / Développeuse informatique (H/F),,", ",CDI,
26,5964004,0.8447388986753418,0.551548355157837,0.9703919887542725,0.0,0.0,Chargé / Chargée d'études socio-économiques (H/F),,", ",CDI,
26,189PHMT,0.8201956542239278,0.5962082253249785,0.9161902666091919,0.0,0.0,Apprentissage Administrateur Systèmes et Réseaux (H/F),,", ",CDD,
26,5643915,0.8125402385044884,0.523084916687274,0.9365925192832947,0.0,0.0,Responsable des systèmes informatiques h/f,,", ",CDI,
26,4465279,0.7910285464789244,0.5191069615767312,0.9075663685798645,0.0,0.0,Responsable des études H/F,,", ",CDI,
26,5246873,0.7727610382904893,0.5179468305476129,0.8819671273231506,0.0,0.0,Administrateur / Administratrice système et réseaux d'information et de communication (H/F),,", ",CDI,
26,6081980,0.7713206475653547,0.4746789156325324,0.8984528183937073,0.0,0.0,Technicien / Technicienne d'exploitation informatique (H/F),,", ",CDD,
26,8476607,0.7711478267997783,0.5702881531219625,0.857230544090271,0.0,0.0,surveillant travaux H/F - EC21435,,", ",CDD,
26,5138771,0.7675874220647155,0.5966156877801616,0.8408610224723816,0.0,0.0,Data Engineer senior - Services Financiers - Lille (H/F),,", ",CDI,
27,5091791,0.842179617034376,0.4739320567812537,1.0,0.0,0.0,Administrateur système H/F,,", ",CDI,
27,4995240,0.6270762614476431,0.6205575439889395,0.6298699975013733,0.0,0.0,COORDINATEUR INFORMATIQUE (H/F),,", ",CDI,
27,6025377,0.6235295072038717,0.42127009724237763,0.7102121114730835,0.0,0.0,Officier adjoint au chef de pole data - Analyste en données géographiques H/F (Marine Nationale),,", ",CDD,
27,5981679,0.6077281691044175,0.43222971009201594,0.6829417943954468,0.0,0.0,Ingénieur de production - N4 (H/F),,", ",CDI,
27,5643915,0.59549545575621,0.43924965227452484,0.6624579429626465,0.0,0.0,Responsable des systèmes informatiques h/f,,", ",CDI,
27,5283058,0.5618470758184811,0.4147608975519805,0.6248840093612671,0.0,0.0,Business Manager / Ingénieur d'Affaires (38) (H/F),,", ",CDI,
27,4465279,0.5381500769577205,0.5704041086706124,0.5243269205093384,0.0,0.0,Responsable des études H/F,,", ",CDI,
27,8476607,0.5362212584428414,0.44651903245595587,0.5746650695800781,0.0,0.0,surveillant travaux H/F - EC21435,,", ",CDD,
27,5287564,0.49377960203844373,0.5117715080167873,0.4860687851905823,0.0,0.0,Spécialiste de l'information météorologique h/f,,", ",CDI,
27,4081395,0.4917678258477305,0.644861774861367,0.4261561334133148,0.0,0.0,chargé mission eau energie H/F - EC21053,,", ",CDD,
28,5146232,0.8497055936617859,0.49901864553928615,1.0,0.0,0.0,Expert en cyber sécurité - Responsable de la Sécurité numérique H/F,,", ",CDI,
28,4911354,0.8195308583267702,0.541793809098725,0.9385610222816467,0.0,0.0,Ingénieur en Systèmes Embarqués (H/F),,", ",CDI,
28,5519881,0.8119627579672589,0.4623741456612795,0.9617864489555359,0.0,0.0,Ingénieur réseau (H/F),,", ",CDI,
28,5129728201,0.7844513718217783,0.5411895327866647,0.8887064456939697,0.0,0.0,Analyste d'exploitation F/H,,", ",,
28,5246873,0.7693834937752844,0.6242982669477862,0.831562876701355,0.0,0.0,Administrateur / Administratrice système et réseaux d'information et de communication (H/F),,", ",CDI,
28,5167310619,0.7481843256874197,0.525449343496996,0.8436421751976013,0.0,0.0,Technicien Polivalent - MAIRIE DE SAINT-LAURENT-DU-MARONI,,", ",CDD,
28,191WKLH,0.745873385193571,0.4760927740819736,0.8614936470985413,0.0,0.0,Opérateur informatique (H/F),,", ",CDI,
28,7463246,0.7145961369865539,0.5104566103198136,0.8020845055580139,0.0,0.0,Architecte logiciel temps réel embarqué expérimenté f/h (H/F),,", ",CDI,
28,5870465,0.7044167287391717,0.5361121718228842,0.7765472531318665,0.0,0.0,Apprenti (H/F) Gestionnaire BIM/DATA/Patrimoine,,", ",CDD,
28,4228821,0.6995323321590888,0.4641828806433636,0.8003963828086853,0.0,0.0,Architecte systèmes à capteurs distribués f/h (H/F),,", ",CDI,
29,191WTDJ,0.8611821145571612,0.564461837463029,0.9883479475975037,0.0,0.0,Ingénieur d'exploitation HVAC (H/F),,", ",CDI,
29,6006626,0.852428133947923,0.5080937798264102,1.0,0.0,0.0,Ingénieur développement logiciel H/F,,", ",CDI,
29,5160978955,0.8397546559500139,0.5664953489858049,0.9568657875061035,0.0,0.0,Correspondant économique famille environnement de travail et collaborateur F/H,,", ",,
29,5167310619,0.757704092551237,0.5890850275389541,0.8299694061279297,0.0,0.0,Technicien Polivalent - MAIRIE DE SAINT-LAURENT-DU-MARONI,,", ",CDD,
29,5169102170,0.7310411902163942,0.6928659385755722,0.747402012348175,0.0,0.0,Vendeur comptoir en restauration I SAINT DENIS I ALTERNANCE STA7408 H/F,,", ",CDD,
29,5129728201,0.6395011317429411,0.6964734831443982,0.6150844097137451,0.0,0.0,Analyste d'exploitation F/H,,", ",,
29,5112647288,0.6232914689943888,0.6992331557027824,0.5907450318336487,0.0,0.0,26/03/2025 - Ingénieur Responsable de la Sécurité des Systèmes d'Informations du GHT Loire (CHU de Saint-Étienne Saint-Etienne),,", ",,
29,4910582078,0.6006130692443589,0.5715927670668692,0.6130503416061401,0.0,0.0,Matelot Guetteur de la flotte H/F,,", ",CDD,
29,4910582084,0.6006130692443589,0.5715927670668692,0.6130503416061401,0.0,0.0,Matelot Guetteur de la flotte H/F,,", ",CDD,
29,191NLJC,0.5941099714281504,0.5997996764190806,0.5916715264320374,0.0,0.0,Responsable Pricing (H/F),,", ",CDI,
30,5630900,0.8503185954171257,0.5010619847237523,1.0,0.0,0.0,H/F Ingénieur étude de prix basé dans le 73,,", ",Intérim,
30,5021908,0.7548065225715263,0.49626520621605136,0.8656099438667297,0.0,0.0,H/F Ingénieur étude électricité basé sur le 75,,", ",Intérim,
30,5740050,0.7462741487733496,0.43006636484198224,0.8817917704582214,0.0,0.0,Ingénieur-ingénieure traitement l'eau et Hydraulique basé sur le 77 (H/F),,", ",Intérim,
30,5129728201,0.7410283299164018,0.5317140923195552,0.8307344317436218,0.0,0.0,Analyste d'exploitation F/H,,", ",,
30,4911379,0.6659806827543664,0.4567990434959492,0.7556299567222595,0.0,0.0,Gestionnaire Data Center - Niort (Homme/femme) (H/F),,", ",CDI,
30,5021694392,0.6634936302820782,0.5558049380514158,0.7096459269523621,0.0,0.0,Formation SQL Server : Administrer une infrastructure de bases de données,,", ",CDD,
30,5021694401,0.6634936302820782,0.5558049380514158,0.7096459269523621,0.0,0.0,Formation SQL Server : Administrer une infrastructure de bases de données,,", ",CDD,
30,5021694382,0.6634936302820782,0.5558049380514158,0.7096459269523621,0.0,0.0,Formation SQL Server : Administrer une infrastructure de bases de données,,", ",CDD,
30,189PHMT,0.6579766448284939,0.42643461490530277,0.7572089433670044,0.0,0.0,Apprentissage Administrateur Systèmes et Réseaux (H/F),,", ",CDD,
30,5246873,0.6533909715034167,0.5757091564660605,0.686683177947998,0.0,0.0,Administrateur / Administratrice système et réseaux d'information et de communication (H/F),,", ",CDI,
31,5109129091,0.8293798234000685,0.43126607800022865,1.0,0.0,0.0,24/03/2025 - Technicien informatique (Centre de rééducation - réadaptation fonctionnelle Saint-Gobain),,", ",,
31,5171332701,0.7793602199925961,0.6109330162650949,0.8515433073043823,0.0,0.0,Stagiaire Banquet F/H,,", ",,
31,5643915,0.6158846178525412,0.5659604201296052,0.6372807025909424,0.0,0.0,Responsable des systèmes informatiques h/f,,", ",CDI,
31,5146232,0.581755836966923,0.5762048832684461,0.5841348171234131,0.0,0.0,Expert en cyber sécurité - Responsable de la Sécurité numérique H/F,,", ",CDI,
31,5166504449,0.5759796272265636,0.6033198471028682,0.5642623901367188,0.0,0.0,Chef.fe de Produit Senior Capsules,,", ",,
31,5166148952,0.5513305740527785,0.7365660425598344,0.4719439446926117,0.0,0.0,Pharmacien PUI - H/F,,", ",CDI,
31,5739848,0.546884386788246,0.47713458223620064,0.5767771601676941,0.0,0.0,Ingénieur-ingénieure traitement l'eau et Hydraulique basé sur le 92 (H/F),,", ",Intérim,
31,5740050,0.5260615030060944,0.46927344107983426,0.5503992438316345,0.0,0.0,Ingénieur-ingénieure traitement l'eau et Hydraulique basé sur le 77 (H/F),,", ",Intérim,
31,5172708443,0.5123943015977843,0.5580302029997455,0.492836058139801,0.0,0.0,Agent Commercial(e) immobilier expériménté(e),,", ",CDI,
31,4465279,0.5030617002224382,0.4960203182616023,0.5060794353485107,0.0,0.0,Responsable des études H/F,,", ",CDI,
32,5171883021,0.8578829846276258,0.5262766154254195,1.0,0.0,0.0,Charcutier H/F,,", ",Intérim,
32,5171884614,0.8095451421312649,0.5236269258036084,0.9320815205574036,0.0,0.0,Technicien Informatique H/F,,", ",,
32,5169363655,0.7268535146436871,0.5645249516837401,0.7964228987693787,0.0,0.0,alternance 12 mois – assurance qualité,,", ",Alternance,
32,5166148952,0.7059234926672094,0.5588103564485292,0.7689719796180725,0.0,0.0,Pharmacien PUI - H/F,,", ",CDI,
32,5246873,0.6985257280277373,0.47655469590000377,0.7936561703681946,0.0,0.0,Administrateur / Administratrice système et réseaux d'information et de communication (H/F),,", ",CDI,
32,5998821,0.6799591936783991,0.610445651119617,0.7097507119178772,0.0,0.0,Cegid - Développeur / Développeuse informatique (H/F),,", ",CDI,
32,5630900,0.6683838446330854,0.4853014016786644,0.7468477487564087,0.0,0.0,H/F Ingénieur étude de prix basé dans le 73,,", ",Intérim,
32,5167310619,0.6476799865837012,0.6218959954960858,0.6587302684783936,0.0,0.0,Technicien Polivalent - MAIRIE DE SAINT-LAURENT-DU-MARONI,,", ",CDD,
32,191WKLH,0.6386388000280623,0.5661204644146776,0.6697180867195129,0.0,0.0,Opérateur informatique (H/F),,", ",CDI,
32,5615864,0.6144868034274615,0.6094353457792723,0.616651713848114,0.0,0.0,Chargé d'études systèmes d'information (H/F),,", ",CDI,
33,5166618211,0.9258619358829885,0.7528731196099618,1.0,0.0,0.0,Auxiliaire de vie H/F,,", ",,
33,5166618204,0.9258619358829885,0.7528731196099618,1.0,0.0,0.0,Auxiliaire de vie H/F,,", ",,
33,5166618230,0.9258619358829885,0.7528731196099618,1.0,0.0,0.0,Auxiliaire de vie H/F,,", ",,
33,5166618029,0.9169660085621895,0.7537084599943364,0.9869335293769836,0.0,0.0,Assistant / Assistante de vie auprès de personnes handicapées H/F,,", ",,
33,5168563296,0.8760679114964514,0.7783165339320597,0.9179613590240479,0.0,0.0,Assistant / Assistante de vie auprès de personnes âgées H/F,,", ",,
33,5168563321,0.7729064544931742,0.8072767525565929,0.758176326751709,0.0,0.0,Auxiliaire de vie H/F,,", ",,
33,5170930869,0.6894159286659725,0.7273123163123154,0.6731746196746826,0.0,0.0,Auxiliaire de vie (H/F),,", ",CDI,
33,5170389630,0.6122976028097403,0.6346276280524771,0.6027275919914246,0.0,0.0,Assistant / Assistante de vie auprès de personnes âgées H/F,,", ",CDI,
33,5171823596,0.600910549467902,0.45063954295748015,0.6653124094009399,0.0,0.0,Agent de Production H/F,,", ",CDI,
33,5170344328,0.5612212727215301,0.4479606581219075,0.6097615361213684,0.0,0.0,Conducteur de Machine Production H/F,,", ",,
34,5172718015,0.8307232718116644,0.43574423937221457,1.0,0.0,0.0,Ouvrier boulanger,,", ",CDD,
34,5171901153,0.7942892983785952,0.6474436373285735,0.8572231531143188,0.0,0.0,Boucher (H/F),,", ",CDI,
34,5167905661,0.7827135162920684,0.6293418663643902,0.8484442234039307,0.0,0.0,Second Boucher H/F,,", ",,
34,5172692385,0.7810295731622838,0.6069597306512671,0.8556309342384338,0.0,0.0,Boulanger (Saint-Leger-sur-Dheune) - H/F,,", ",CDI,
34,5167332099,0.6985931235465204,0.6997567474553306,0.6980944275856018,0.0,0.0,BOULANGER H/F,,", ",CDI,
34,5166376419,0.6931199509783593,0.5923146469341408,0.7363222241401672,0.0,0.0,Boucher H/F,,", ",,
34,5998821,0.6744648862049161,0.6369504094670808,0.6905425190925598,0.0,0.0,Cegid - Développeur / Développeuse informatique (H/F),,", ",CDI,
34,5172715965,0.6609348712925531,0.5797196025863016,0.6957414150238037,0.0,0.0,Boulanger H/F,,", ",CDI,
34,5170333566,0.6604337548002056,0.8238998568006528,0.5903768539428711,0.0,0.0,Boucher - Bouchère H/F,,", ",Intérim,
34,5171905155,0.6409715409804384,0.6650204048318995,0.6306648850440979,0.0,0.0,BOUCHER (H/F),,", ",CDD,
35,5129728201,0.9138085097168751,0.7126950323895838,1.0,0.0,0.0,Analyste d'exploitation F/H,,", ",,
35,5167846725,0.6035763696040082,0.7610809654677468,0.5360743999481201,0.0,0.0,Cuisinier H/F,,", ",,
35,5172719227,0.5938582504991905,0.5473711971455866,0.6137812733650208,0.0,0.0,Agent / Agente de manutention de charges lourdes,,", ",CDD,
35,5964004,0.5412478653793867,0.6551527375000503,0.49243149161338806,0.0,0.0,Chargé / Chargée d'études socio-économiques (H/F),,", ",CDI,
35,4919350,0.4936567526684079,0.6743520139409018,0.4162159264087677,0.0,0.0,Technicien eau pluviale et assainissement H/F,,", ",CDI,
35,5630900,0.48449448426572894,0.5121214813659063,0.4726543426513672,0.0,0.0,H/F Ingénieur étude de prix basé dans le 73,,", ",Intérim,
35,5167332099,0.48326208791848446,0.5543402798214366,0.4528000056743622,0.0,0.0,BOULANGER H/F,,", ",CDI,
35,191GYLC,0.473702269270282,0.5119479281182453,0.4573112726211548,0.0,0.0,Consultant DATA F/H (H/F),,", ",CDI,
35,5160978955,0.46293550170594194,0.5544708085435543,0.4237060844898224,0.0,0.0,Correspondant économique famille environnement de travail et collaborateur F/H,,", ",,
35,4465279,0.4549408603069499,0.6505407950471886,0.37111231684684753,0.0,0.0,Responsable des études H/F,,", ",CDI,
36,5037289607,0.8805008093866701,0.6016693646222335,1.0,0.0,0.0,Administrateur·trice Systèmes et Réseaux H/F,,", ",,
36,191GMRM,0.7518791703789107,0.5995796019529877,0.8171504139900208,0.0,0.0,Administrateur / Administratrice systèmes et réseaux (H/F),,", ",CDI,
36,5172698186,0.5678290516543716,0.6990669867755075,0.5115842223167419,0.0,0.0,Développeur Ruby On Rails (RoR) H/F,,", ",CDI,
36,4914422,0.5490397822830893,0.47307078440117045,0.5815979242324829,0.0,0.0,Ingénieur Réseau / Sécurité Confirmé (H/F),,", ",CDI,
36,4938612,0.5327918352379386,0.5031271185126518,0.5455052852630615,0.0,0.0,Administrateur Système et Réseaux H/F,,", ",CDI,
36,5643915,0.5131768948244492,0.4742740811266631,0.5298495292663574,0.0,0.0,Responsable des systèmes informatiques h/f,,", ",CDI,
36,5167310619,0.4876126453121108,0.48160945867154414,0.4901854395866394,0.0,0.0,Technicien Polivalent - MAIRIE DE SAINT-LAURENT-DU-MARONI,,", ",CDD,
36,8855377,0.486073588412293,0.5905717084185552,0.44128867983818054,0.0,0.0,TECHNICIEN ITINÉRANT (75) - H/F,,", ",CDI,
36,0200016,0.486073588412293,0.5905717084185552,0.44128867983818054,0.0,0.0,TECHNICIEN ITINÉRANT (75) - H/F,,", ",CDI,
36,6087812,0.47356077878493186,0.5259585032469073,0.45110461115837097,0.0,0.0,Technicien process programmation (f/h) (H/F),,", ",CDI,
37,5146945846,0.8593920964663291,0.5313069882210968,1.0,0.0,0.0,Magasinier - ANGERS F/H,,", ",CDI,
37,5151455462,0.8114956272193508,0.5031839452017401,0.9436292052268982,0.0,0.0,MAGASINIER CARISTE (F/H),,", ",CDD,
37,5125608815,0.8021109526912888,0.47550922816346775,0.9420831203460693,0.0,0.0,Magasinier Cariste H/F,,", ",,
37,5163457383,0.7091878604481461,0.4570848384134778,0.8172320127487183,0.0,0.0,Magasinier- Cariste H/F,,", ",CDD,
37,5164263994,0.6891968364056276,0.49817238070445796,0.7710644602775574,0.0,0.0,CUISINIER (H/F/D),,", ",CDD,
37,5172689344,0.5073078390276048,0.4917085158545485,0.5139932632446289,0.0,0.0,Technicien(ne) de maintenance électronique h/f,,", ",CDI,
37,5160978955,0.5012392015134123,0.5963945491031895,0.46045833826065063,0.0,0.0,Correspondant économique famille environnement de travail et collaborateur F/H,,", ",,
37,5630900,0.49245086960573303,0.48430581068261824,0.4959416091442108,0.0,0.0,H/F Ingénieur étude de prix basé dans le 73,,", ",Intérim,
37,189PHMT,0.4717969401128344,0.4841339732035175,0.4665096402168274,0.0,0.0,Apprentissage Administrateur Systèmes et Réseaux (H/F),,", ",CDD,
37,4465279,0.45373197363360196,0.5216859137529621,0.42460885643959045,0.0,0.0,Responsable des études H/F,,", ",CDI,
38,5816397,0.8416639319342883,0.47221310644762793,1.0,0.0,0.0,Chargé(e) SIRH MOE H/F,,", ",CDI,
38,5129728201,0.8298256265069297,0.5528717991197281,0.9485201239585876,0.0,0.0,Analyste d'exploitation F/H,,", ",,
38,5172718015,0.7150783471688665,0.42712406066558,0.8384873270988464,0.0,0.0,Ouvrier boulanger,,", ",CDD,
38,5944793,0.7025752528548184,0.44552675354478866,0.8127388954162598,0.0,0.0,Expert Fonctionnel SIRH F/H - Maîtrise d'ouvrage et fonctionnel (H/F),,", ",CDI,
38,5503120,0.6931164379329098,0.4108131910067839,0.8141035437583923,0.0,0.0,Ingénieur / Ingénieure d'étude informatique (H/F),,", ",CDI,
38,5167310619,0.6680151669722448,0.7109266614058452,0.6496245265007019,0.0,0.0,Technicien Polivalent - MAIRIE DE SAINT-LAURENT-DU-MARONI,,", ",CDD,
38,5870465,0.6339210171958031,0.5271838769184953,0.6796655058860779,0.0,0.0,Apprenti (H/F) Gestionnaire BIM/DATA/Patrimoine,,", ",CDD,
38,4319019,0.6324709748595121,0.43635794698170893,0.7165194153785706,0.0,0.0,NORAUTO - Ingénieur / Ingénieure analyste en système d'information (H/F),,", ",CDI,
38,5499398,0.6282261639644708,0.4010117748743981,0.7256037592887878,0.0,0.0,Ingénieur / Ingénieure d'étude informatique (H/F),,", ",CDI,
38,6106210,0.6275432800217086,0.41229513451907845,0.7197924852371216,0.0,0.0,INGENIEUR RESEAU ET TELECOM (H/F),,", ",Freelance,
39,5739848,0.821668324681878,0.40556108227292675,1.0,0.0,0.0,Ingénieur-ingénieure traitement l'eau et Hydraulique basé sur le 92 (H/F),,", ",Intérim,
39,5643915,0.730050330654807,0.5437702115907507,0.8098846673965454,0.0,0.0,Responsable des systèmes informatiques h/f,,", ",CDI,
39,4465279,0.7288451473880191,0.4730142291944492,0.8384869694709778,0.0,0.0,Responsable des études H/F,,", ",CDI,
39,4919350,0.6485172679174644,0.6373503572903418,0.6533030867576599,0.0,0.0,Technicien eau pluviale et assainissement H/F,,", ",CDI,
39,189PHMT,0.6408706359102303,0.47078790003524046,0.7137632369995117,0.0,0.0,Apprentissage Administrateur Systèmes et Réseaux (H/F),,", ",CDD,
39,5519881,0.6408179703028087,0.4464666852259252,0.7241113781929016,0.0,0.0,Ingénieur réseau (H/F),,", ",CDI,
39,5634356,0.6278917962567092,0.5045903107378487,0.6807352900505066,0.0,0.0,Consultant(e) Avant-Vente MES/MOM - DELMIA (F-H) (H/F),,", ",CDI,
39,4902810,0.6257637469067603,0.425852844481478,0.711439847946167,0.0,0.0,Ingénieur(e) Réseaux et Sécurité - Ile-de-France (H/F),,", ",CDI,
39,191TDYY,0.6210040848692794,0.4403897859124802,0.6984102129936218,0.0,0.0,Incident Manager (H/F),,", ",CDI,
39,6035646,0.6167653029170308,0.5369030651141118,0.6509919762611389,0.0,0.0,Consultant senior - Secteur Public - Strasbourg (H/F),,", ",CDI,
40,6071671,0.8702386390819152,0.5674621302730508,1.0,0.0,0.0,Analyste traitant du renseignement H/F (Marine Nationale),,", ",CDD,
40,5172740415,0.7414384561451983,0.596633062651658,0.8034979104995728,0.0,0.0,CREPIER (H/F),,", ",CDD,
40,191CFPG,0.7391085533407404,0.459337859719023,0.8590102791786194,0.0,0.0,MILITAIRE Assistant renseignement (H/F),,", ",CDI,
40,5148712996,0.6762218556043924,0.5604826878300708,0.7258243560791016,0.0,0.0,Assistant Comptable H/F,,", ",CDI,
40,5140840,0.6580803201017786,0.6350299866391582,0.6679590344429016,0.0,0.0,Consultante/Consultant technique CRM Rennes - ALT (H/F),,", ",CDI,
40,5138460687,0.635086550006388,0.5003082410796431,0.6928486824035645,0.0,0.0,Consultant BI F/H,,", ",CDI,
40,5604653,0.5838009869142664,0.5865511414356672,0.5826223492622375,0.0,0.0,Coordinateur / Coordinatrice projet en Maîtrise d'Ouvrage -MOA- (H/F),,", ",CDI,
40,5132777,0.5443776329381395,0.513274358386175,0.5577076077461243,0.0,0.0,Ingénieur Cyber - Reverse Engineering (H/F),,", ",CDI,
40,5129728201,0.5438023098906124,0.6869552461969337,0.48245105147361755,0.0,0.0,Analyste d'exploitation F/H,,", ",,
40,5166383677,0.5391882881009145,0.6058527775882226,0.5106177926063538,0.0,0.0,Nounou H/F,,", ",,
41,5129728201,0.8564630873244101,0.5215436244147003,1.0,0.0,0.0,Analyste d'exploitation F/H,,", ",,
41,5167310619,0.7252820783653962,0.47924424999260473,0.8307268619537354,0.0,0.0,Technicien Polivalent - MAIRIE DE SAINT-LAURENT-DU-MARONI,,", ",CDD,
41,5740884,0.6658242390035229,0.4764792672391194,0.7469720840454102,0.0,0.0,Ingénieur méthodes CND (H/F),,", ",CDI,
41,5091791,0.6656522707727242,0.416438028741773,0.7724583745002747,0.0,0.0,Administrateur système H/F,,", ",CDI,
41,5740871,0.6608763417235017,0.40413956530590867,0.770906388759613,0.0,0.0,Ingénieur études électricité (H/F),,", ",CDI,
41,4911354,0.6533123564089134,0.44679401694562526,0.741820216178894,0.0,0.0,Ingénieur en Systèmes Embarqués (H/F),,", ",CDI,
41,5161746563,0.636198878015305,0.533394872232362,0.6802577376365662,0.0,0.0,Pharmacocineticien - Sanofi - R2799057 H/F,,", ",,
41,5153840414,0.6307116730795327,0.4701809034698617,0.6995105743408203,0.0,0.0,IT/ Un(e) administrateur/administratrice systèmes et réseaux à Olivet (45) - ANT125,,", ",,
41,5160978955,0.6241146997488112,0.5776852223199509,0.6440130472183228,0.0,0.0,Correspondant économique famille environnement de travail et collaborateur F/H,,", ",,
41,191SWPC,0.6083627769311926,0.5149198998877278,0.6484097242355347,0.0,0.0,IT Support Poste De Travail / Bureautique Niv 2 Et VIP (H/F),,", ",CDI,
42,8476607,0.8281604771799957,0.42720159059998597,1.0,0.0,0.0,surveillant travaux H/F - EC21435,,", ",CDD,
42,5129728201,0.7561498829892829,0.5401309361628543,0.8487294316291809,0.0,0.0,Analyste d'exploitation F/H,,", ",,
42,5283058,0.7420680758039955,0.45347424238284545,0.8657511472702026,0.0,0.0,Business Manager / Ingénieur d'Affaires (38) (H/F),,", ",CDI,
42,190XRWD,0.7249305985710387,0.43234980846158844,0.8503223657608032,0.0,0.0,Technicien informatique H/F - CDI - Saint Herblain (44) (H/F),,", ",CDI,
42,5739848,0.6621977002054867,0.3982409538926075,0.7753220200538635,0.0,0.0,Ingénieur-ingénieure traitement l'eau et Hydraulique basé sur le 92 (H/F),,", ",Intérim,
42,5499398,0.647041577073457,0.4174858529452557,0.7454226016998291,0.0,0.0,Ingénieur / Ingénieure d'étude informatique (H/F),,", ",CDI,
42,4919350,0.6440419376428854,0.5223497750149608,0.6961957216262817,0.0,0.0,Technicien eau pluviale et assainissement H/F,,", ",CDI,
42,5160978955,0.6313644806719088,0.5259475244999804,0.6765431761741638,0.0,0.0,Correspondant économique famille environnement de travail et collaborateur F/H,,", ",,
42,5278062,0.6195898780105571,0.43984280323917985,0.6966243386268616,0.0,0.0,Ingénieur d'études CVC (H/F),,", ",CDI,
42,5165322303,0.6021877192589115,0.4487709678320325,0.6679377555847168,0.0,0.0,Senior Legal Counsel – Export Control et Sanctions Internationales F / H,,", ",,
43,4995240,0.8347785765923211,0.4492619219744039,1.0,0.0,0.0,COORDINATEUR INFORMATIQUE (H/F),,", ",CDI,
43,5166071554,0.7516108415691966,0.5354165905611097,0.8442655205726624,0.0,0.0,"Adjointe/adjoint au responsable du greffe expertises, enquêtes publiques et documentation",,", ",CDD,
43,5646372,0.7403052386454654,0.4220433224611522,0.8767032027244568,0.0,0.0,Ingénieur Méthodes H/F,,", ",CDI,
43,5246873,0.6197240528090382,0.6088919032360394,0.6243664026260376,0.0,0.0,Administrateur / Administratrice système et réseaux d'information et de communication (H/F),,", ",CDI,
43,5283058,0.6009039619705928,0.38700089161324935,0.6925767064094543,0.0,0.0,Business Manager / Ingénieur d'Affaires (38) (H/F),,", ",CDI,
43,6025377,0.5647436871693222,0.6586223690263724,0.5245099663734436,0.0,0.0,Officier adjoint au chef de pole data - Analyste en données géographiques H/F (Marine Nationale),,", ",CDD,
43,5129728201,0.554540834599874,0.5508188928966442,0.5561359524726868,0.0,0.0,Analyste d'exploitation F/H,,", ",,
43,190YVSB,0.5195143824057451,0.39814979011372414,0.5715277791023254,0.0,0.0,Consultant(e) fonctionnel(le) ERP (H/F),,", ",CDI,
43,4910582084,0.5154173556885331,0.7231667154104207,0.426381915807724,0.0,0.0,Matelot Guetteur de la flotte H/F,,", ",CDD,
43,4910582078,0.5154173556885331,0.7231667154104207,0.426381915807724,0.0,0.0,Matelot Guetteur de la flotte H/F,,", ",CDD,
44,5167846581,0.8993452388269476,0.6644841294231589,1.0,0.0,0.0,Chef Pâtissier - Restaurant Étoilé H/F,,", ",,
44,5130741339,0.600243957402174,0.4951670817595862,0.6452769041061401,0.0,0.0,Technicien support de proximité,,", ",CDI,
44,5646372,0.5962471304822207,0.48574113795765245,0.6436068415641785,0.0,0.0,Ingénieur Méthodes H/F,,", ",CDI,
44,5167310619,0.5647595150949064,0.4595908269887179,0.6098318099975586,0.0,0.0,Technicien Polivalent - MAIRIE DE SAINT-LAURENT-DU-MARONI,,", ",CDD,
44,5246873,0.527858996572622,0.5556192006751179,0.515961766242981,0.0,0.0,Administrateur / Administratrice système et réseaux d'information et de communication (H/F),,", ",CDI,
44,5129728201,0.5169506983621298,0.48261281406329043,0.5316669344902039,0.0,0.0,Analyste d'exploitation F/H,,", ",,
44,5164851766,0.5159915131477725,0.5155806879693305,0.5161675810813904,0.0,0.0,Ingenieur Informatique – Chef De Projet Moe (F/H),,", ",,
44,5167332212,0.5144668500607312,0.609596693179707,0.47369691729545593,0.0,0.0,ALTERNANCE - COMMIS DE CUISINE H/F,,", ",Alternance,
44,8476607,0.5089890714691865,0.48775132371544416,0.5180909633636475,0.0,0.0,surveillant travaux H/F - EC21435,,", ",CDD,
44,5499398,0.5030161271525938,0.4325600498363439,0.5332115888595581,0.0,0.0,Ingénieur / Ingénieure d'étude informatique (H/F),,", ",CDI,
45,4911354,0.8341956295639172,0.44731876521305736,1.0,0.0,0.0,Ingénieur en Systèmes Embarqués (H/F),,", ",CDI,
45,5816397,0.7874811038417304,0.5151460121216659,0.9041961431503296,0.0,0.0,Chargé(e) SIRH MOE H/F,,", ",CDI,
45,5643915,0.7823767711052942,0.591952836953815,0.8639870285987854,0.0,0.0,Responsable des systèmes informatiques h/f,,", ",CDI,
45,5172708443,0.755281475786089,0.46230170330643366,0.880844235420227,0.0,0.0,Agent Commercial(e) immobilier expériménté(e),,", ",CDI,
45,5129728201,0.7103979501125869,0.4377997626853176,0.8272257447242737,0.0,0.0,Analyste d'exploitation F/H,,", ",,
45,5944793,0.6973673115578125,0.4919843310802613,0.7853885889053345,0.0,0.0,Expert Fonctionnel SIRH F/H - Maîtrise d'ouvrage et fonctionnel (H/F),,", ",CDI,
45,5503120,0.6851050419595082,0.4491214298494124,0.7862408757209778,0.0,0.0,Ingénieur / Ingénieure d'étude informatique (H/F),,", ",CDI,
45,5740871,0.6724776712313492,0.4152435551932122,0.7827208638191223,0.0,0.0,Ingénieur études électricité (H/F),,", ",CDI,
45,5870465,0.6442124774243124,0.4431903925821808,0.7303647994995117,0.0,0.0,Apprenti (H/F) Gestionnaire BIM/DATA/Patrimoine,,", ",CDD,
45,5246873,0.6323452302032952,0.399991435545764,0.7319254279136658,0.0,0.0,Administrateur / Administratrice système et réseaux d'information et de communication (H/F),,", ",CDI,
46,5246873,0.8529998692975291,0.5099995643250972,1.0,0.0,0.0,Administrateur / Administratrice système et réseaux d'information et de communication (H/F),,", ",CDI,
46,5630900,0.8148183762190244,0.5537476338139844,0.9267058372497559,0.0,0.0,H/F Ingénieur étude de prix basé dans le 73,,", ",Intérim,
46,5172708443,0.719159490076897,0.5081589030166381,0.8095883131027222,0.0,0.0,Agent Commercial(e) immobilier expériménté(e),,", ",CDI,
46,5167249618,0.6446150968349625,0.4846080574315952,0.7131895422935486,0.0,0.0,Acheteur public (h/f) - Chennevières-sur-Marne,,", ",CDD,
46,5129728201,0.6417079109030006,0.6294645329571558,0.6469550728797913,0.0,0.0,Analyste d'exploitation F/H,,", ",,
46,5279508,0.6402620053115892,0.5628357449582575,0.6734446883201599,0.0,0.0,H/F Ingénieur Structure dans le 07,,", ",Intérim,
46,5279832,0.6237104745974088,0.5271060374941907,0.6651123762130737,0.0,0.0,H/F Ingénieur Structure dans le 03,,", ",Intérim,
46,5280566,0.6205431086745115,0.5463030877796318,0.6523602604866028,0.0,0.0,H/F Chargé d'études Bâtiment,,", ",CDI,
46,5499398,0.6175421431607149,0.4125538517853093,0.7053942680358887,0.0,0.0,Ingénieur / Ingénieure d'étude informatique (H/F),,", ",CDI,
46,5160948239,0.6173525107449789,0.8450541537822944,0.519766092300415,0.0,0.0,BALENCIAGA – Global Client Data & Insights Intern– July 2025 (F/M),,", ",,
47,5964004,0.9016931790554785,0.672310596851595,1.0,0.0,0.0,Chargé / Chargée d'études socio-économiques (H/F),,", ",CDI,
47,4919350,0.7235584666124727,0.7884307072532659,0.6957560777664185,0.0,0.0,Technicien eau pluviale et assainissement H/F,,", ",CDI,
47,5643915,0.7199622058226582,0.5843139964189521,0.7780971527099609,0.0,0.0,Responsable des systèmes informatiques h/f,,", ",CDI,
47,7463246,0.7088667531409776,0.5380945469269869,0.7820548415184021,0.0,0.0,Architecte logiciel temps réel embarqué expérimenté f/h (H/F),,", ",CDI,
47,5740871,0.7072370682723019,0.5137136494340808,0.7901756763458252,0.0,0.0,Ingénieur études électricité (H/F),,", ",CDI,
47,4911354,0.7006471557903453,0.5344529693286171,0.7718732357025146,0.0,0.0,Ingénieur en Systèmes Embarqués (H/F),,", ",CDI,
47,6035646,0.6984710955783057,0.5715252439725158,0.7528764605522156,0.0,0.0,Consultant senior - Secteur Public - Strasbourg (H/F),,", ",CDI,
47,5998821,0.6922515272565719,0.6754547753161977,0.6994501352310181,0.0,0.0,Cegid - Développeur / Développeuse informatique (H/F),,", ",CDI,
47,191NLJC,0.6861738465270514,0.5183161768784506,0.7581128478050232,0.0,0.0,Responsable Pricing (H/F),,", ",CDI,
47,4228821,0.67649149623789,0.5008374362282489,0.7517718076705933,0.0,0.0,Architecte systèmes à capteurs distribués f/h (H/F),,", ",CDI,
48,5167332212,1.0,0.9999999999999998,1.0,0.0,0.0,ALTERNANCE - COMMIS DE CUISINE H/F,,", ",Alternance,
48,4948909901,0.6745990086449031,0.59133112061449,0.7102852463722229,0.0,0.0,Ingénieur Intégrateur DevOps H/F,,", ",,
48,4471001,0.4252319994461071,0.6211534152069131,0.3412656784057617,0.0,0.0,Data Engineer BW (Business Warehouse) (H/F),,", ",CDI,
48,5160978955,0.4117685902938013,0.6364412171392855,0.3154803216457367,0.0,0.0,Correspondant économique famille environnement de travail et collaborateur F/H,,", ",,
48,5499398,0.407962271948604,0.5248341970309558,0.3578743040561676,0.0,0.0,Ingénieur / Ingénieure d'étude informatique (H/F),,", ",CDI,
48,5643915,0.3809306305568023,0.4636818110679929,0.34546583890914917,0.0,0.0,Responsable des systèmes informatiques h/f,,", ",CDI,
48,5157499710,0.3505080584046887,0.6301665863585626,0.23065440356731415,0.0,0.0,INGENIEUR LOGICIEL GPU F/H,,", ",CDI,
48,5129728201,0.34878505363351636,0.6392442400020537,0.22430254518985748,0.0,0.0,Analyste d'exploitation F/H,,", ",,
48,189PHMT,0.3245649409078774,0.4976325868842394,0.2503930926322937,0.0,0.0,Apprentissage Administrateur Systèmes et Réseaux (H/F),,", ",CDD,
48,5998821,0.3204768548701299,0.5072952741696081,0.24041181802749634,0.0,0.0,Cegid - Développeur / Développeuse informatique (H/F),,", ",CDI,
49,5163522543,0.9196282489869472,0.7320941632898241,1.0,0.0,0.0,Développeur Back End H/F,,", ",CDD,
49,5160598498,0.802128474627686,0.915517206704459,0.7535333037376404,0.0,0.0,Business Analyst - Application Santé H/F,,", ",CDD,
49,5643915,0.4256885185175521,0.4757211255806627,0.4042459726333618,0.0,0.0,Responsable des systèmes informatiques h/f,,", ",CDI,
49,5129728201,0.42036916743893615,0.5444595161801971,0.36718758940696716,0.0,0.0,Analyste d'exploitation F/H,,", ",,
49,4465279,0.41205974051760613,0.45466199945764335,0.39380162954330444,0.0,0.0,Responsable des études H/F,,", ",CDI,
49,5859322,0.39551877864452417,0.5790648522725441,0.31685617566108704,0.0,0.0,Administrateur systèmes et réseaux H/F,,", ",CDI,
49,5634356,0.3923175744465356,0.4359384252797777,0.37362292408943176,0.0,0.0,Consultant(e) Avant-Vente MES/MOM - DELMIA (F-H) (H/F),,", ",CDI,
49,191WKLH,0.3879900307150036,0.610779683024138,0.2925087511539459,0.0,0.0,Opérateur informatique (H/F),,", ",CDI,
49,191WTDJ,0.3852592931534139,0.5301215007388881,0.32317548990249634,0.0,0.0,Ingénieur d'exploitation HVAC (H/F),,", ",CDI,
49,5146232,0.3815344913579457,0.4601094669028895,0.3478595018386841,0.0,0.0,Expert en cyber sécurité - Responsable de la Sécurité numérique H/F,,", ",CDI,
